<?xml version="1.0"?>
<data grt_format="2.0">
  <value _ptr_="0x600001fcd020" type="list" content-type="object" content-struct-name="db.mgmt.Connection">
    <value type="object" struct-name="db.mgmt.Connection" id="9EB0B167-060B-48B1-963E-68B3C5C66453" struct-checksum="0x96ba47d8">
      <link type="object" struct-name="db.mgmt.Driver" key="driver">com.mysql.rdbms.mysql.driver.native</link>
      <value type="string" key="hostIdentifier">Mysql@localhost:3306</value>
      <value type="int" key="isDefault">0</value>
      <value _ptr_="0x600001f30ba0" type="dict" key="modules"/>
      <value _ptr_="0x600001f30b40" type="dict" key="parameterValues">
        <value type="string" key="DbSqlEditor:LastDefaultSchema"></value>
        <value type="string" key="SQL_MODE"></value>
        <value type="string" key="hostName">localhost</value>
        <value type="int" key="lastConnected">1573012766</value>
        <value type="string" key="password"></value>
        <value type="int" key="port">3306</value>
        <value type="string" key="schema"></value>
        <value type="string" key="serverVersion">8.0.12</value>
        <value type="string" key="sslCA"></value>
        <value type="string" key="sslCert"></value>
        <value type="string" key="sslCipher"></value>
        <value type="string" key="sslKey"></value>
        <value type="int" key="useSSL">1</value>
        <value type="string" key="userName">root</value>
      </value>
      <value type="string" key="name">Local instance 3306</value>
      <link type="object" struct-name="GrtObject" key="owner">719ABFF2-8F81-4CF9-88D9-4AC39F708B16</link>
    </value>
    <value type="object" struct-name="db.mgmt.Connection" id="AFC23449-4566-444E-85B9-BB661C2FCC44" struct-checksum="0x96ba47d8">
      <link type="object" struct-name="db.mgmt.Driver" key="driver">com.mysql.rdbms.mysql.driver.native</link>
      <value type="string" key="hostIdentifier">Mysql@ffn96u87j5ogvehy.cbetxkdyhwsb.us-east-1.rds.amazonaws.com:3306</value>
      <value type="int" key="isDefault">1</value>
      <value _ptr_="0x600001f30ae0" type="dict" key="modules"/>
      <value _ptr_="0x600001f30a80" type="dict" key="parameterValues">
        <value type="string" key="SQL_MODE"></value>
        <value type="string" key="hostName">ffn96u87j5ogvehy.cbetxkdyhwsb.us-east-1.rds.amazonaws.com</value>
        <value type="int" key="lastConnected">1549066065</value>
        <value type="string" key="password"></value>
        <value type="int" key="port">3306</value>
        <value type="string" key="schema"></value>
        <value type="string" key="serverVersion">5.7.23-log</value>
        <value type="string" key="sslCA"></value>
        <value type="string" key="sslCert"></value>
        <value type="string" key="sslCipher"></value>
        <value type="string" key="sslKey"></value>
        <value type="int" key="useSSL">1</value>
        <value type="string" key="userName">j7e68hqt0p2dq21n</value>
      </value>
      <value type="string" key="name">Burger_DB_On_JAWSDB</value>
      <link type="object" struct-name="GrtObject" key="owner">719ABFF2-8F81-4CF9-88D9-4AC39F708B16</link>
    </value>
    <value type="object" struct-name="db.mgmt.Connection" id="365AB675-4DE6-46B3-B2DB-281897140195" struct-checksum="0x96ba47d8">
      <link type="object" struct-name="db.mgmt.Driver" key="driver">com.mysql.rdbms.mysql.driver.native</link>
      <value type="string" key="hostIdentifier">Mysql@l6slz5o3eduzatkw.cbetxkdyhwsb.us-east-1.rds.amazonaws.com:3306</value>
      <value type="int" key="isDefault">0</value>
      <value _ptr_="0x600001f30a20" type="dict" key="modules"/>
      <value _ptr_="0x600001f309c0" type="dict" key="parameterValues">
        <value type="string" key="SQL_MODE"></value>
        <value type="string" key="hostName">l6slz5o3eduzatkw.cbetxkdyhwsb.us-east-1.rds.amazonaws.com</value>
        <value type="int" key="lastConnected">1542863940</value>
        <value type="string" key="password"></value>
        <value type="int" key="port">3306</value>
        <value type="string" key="schema"></value>
        <value type="string" key="serverVersion">5.7.23-log</value>
        <value type="string" key="sslCA"></value>
        <value type="string" key="sslCert"></value>
        <value type="string" key="sslCipher"></value>
        <value type="string" key="sslKey"></value>
        <value type="int" key="useSSL">1</value>
        <value type="string" key="userName">yhcpdus7zydckb88</value>
      </value>
      <value type="string" key="name">Eat-Da-Burger the Sequelizer</value>
      <link type="object" struct-name="GrtObject" key="owner">719ABFF2-8F81-4CF9-88D9-4AC39F708B16</link>
    </value>
    <value type="object" struct-name="db.mgmt.Connection" id="C62B65B3-284C-443C-A6F2-CEFE140E3416" struct-checksum="0x96ba47d8">
      <link type="object" struct-name="db.mgmt.Driver" key="driver">com.mysql.rdbms.mysql.driver.native</link>
      <value type="string" key="hostIdentifier">Mysql@kavfu5f7pido12mr.cbetxkdyhwsb.us-east-1.rds.amazonaws.com:3306</value>
      <value type="int" key="isDefault">0</value>
      <value _ptr_="0x600001f30960" type="dict" key="modules"/>
      <value _ptr_="0x600001f30900" type="dict" key="parameterValues">
        <value type="string" key="SQL_MODE"></value>
        <value type="string" key="hostName">kavfu5f7pido12mr.cbetxkdyhwsb.us-east-1.rds.amazonaws.com</value>
        <value type="int" key="lastConnected">1544116670</value>
        <value type="string" key="password"></value>
        <value type="int" key="port">3306</value>
        <value type="string" key="schema"></value>
        <value type="string" key="serverVersion">5.7.23-log</value>
        <value type="string" key="sslCA"></value>
        <value type="string" key="sslCert"></value>
        <value type="string" key="sslCipher"></value>
        <value type="string" key="sslKey"></value>
        <value type="int" key="useSSL">1</value>
        <value type="string" key="userName">obhtic9vxkzi7rw7</value>
      </value>
      <value type="string" key="name">ConsignmentWiz</value>
      <link type="object" struct-name="GrtObject" key="owner">719ABFF2-8F81-4CF9-88D9-4AC39F708B16</link>
    </value>
    <value type="object" struct-name="db.mgmt.Connection" id="231AE163-A4D9-48A4-977F-75B7822DC50A" struct-checksum="0x96ba47d8">
      <link type="object" struct-name="db.mgmt.Driver" key="driver">com.mysql.rdbms.mysql.driver.native</link>
      <value type="string" key="hostIdentifier">Mysql@fugfonv8odxxolj8.cbetxkdyhwsb.us-east-1.rds.amazonaws.com:3306</value>
      <value type="int" key="isDefault">0</value>
      <value _ptr_="0x600001f308a0" type="dict" key="modules"/>
      <value _ptr_="0x600001f30840" type="dict" key="parameterValues">
        <value type="string" key="SQL_MODE"></value>
        <value type="string" key="hostName">fugfonv8odxxolj8.cbetxkdyhwsb.us-east-1.rds.amazonaws.com</value>
        <value type="int" key="lastConnected">1553308178</value>
        <value type="string" key="password"></value>
        <value type="int" key="port">3306</value>
        <value type="string" key="schema"></value>
        <value type="string" key="serverVersion">5.7.23-log</value>
        <value type="string" key="sslCA"></value>
        <value type="string" key="sslCert"></value>
        <value type="string" key="sslCipher"></value>
        <value type="string" key="sslKey"></value>
        <value type="int" key="useSSL">1</value>
        <value type="string" key="userName">otb49670705ipn71</value>
      </value>
      <value type="string" key="name">Elevate Debate</value>
      <link type="object" struct-name="GrtObject" key="owner">719ABFF2-8F81-4CF9-88D9-4AC39F708B16</link>
    </value>
  </value>
</data>
