<?xml version="1.0"?>
<data grt_format="2.0">
  <value _ptr_="0x600001fcd0e0" type="list" content-type="object" content-struct-name="db.mgmt.ServerInstance">
    <value type="object" struct-name="db.mgmt.ServerInstance" id="5A8A9033-A19F-45B6-9681-C4912B6483AE" struct-checksum="0x367436e2">
      <link type="object" struct-name="db.mgmt.Connection" key="connection">9EB0B167-060B-48B1-963E-68B3C5C66453</link>
      <value _ptr_="0x600001f39080" type="dict" key="loginInfo"/>
      <value _ptr_="0x600001f390e0" type="dict" key="serverInfo">
        <value type="string" key="serverVersion">8.0.12</value>
        <value type="int" key="setupPending">0</value>
        <value type="string" key="sys.config.path"></value>
        <value type="string" key="sys.config.section">mysqld</value>
        <value type="string" key="sys.preset">Custom</value>
        <value type="string" key="sys.sudo"></value>
        <value type="string" key="sys.system">MacOS X</value>
      </value>
      <value type="string" key="name">Local 3306</value>
    </value>
    <value type="object" struct-name="db.mgmt.ServerInstance" id="5D48ABBE-7259-4676-9B7A-B0027F3A0261" struct-checksum="0x367436e2">
      <link type="object" struct-name="db.mgmt.Connection" key="connection">AFC23449-4566-444E-85B9-BB661C2FCC44</link>
      <value _ptr_="0x600001f385a0" type="dict" key="loginInfo"/>
      <value _ptr_="0x600001f38780" type="dict" key="serverInfo">
        <value type="int" key="setupPending">0</value>
        <value type="string" key="sys.sudo"></value>
      </value>
      <value type="string" key="name">Burger_DB_On_JAWSDB</value>
    </value>
    <value type="object" struct-name="db.mgmt.ServerInstance" id="1FE957CF-9296-41F0-9637-6E843B9CFD3C" struct-checksum="0x367436e2">
      <link type="object" struct-name="db.mgmt.Connection" key="connection">365AB675-4DE6-46B3-B2DB-281897140195</link>
      <value _ptr_="0x600001f38600" type="dict" key="loginInfo"/>
      <value _ptr_="0x600001f3b540" type="dict" key="serverInfo">
        <value type="int" key="setupPending">1</value>
      </value>
      <value type="string" key="name">Eat-Da-Burger the Sequelizer</value>
    </value>
    <value type="object" struct-name="db.mgmt.ServerInstance" id="592091D8-F78A-4F11-9E17-A6A6A3FFB63F" struct-checksum="0x367436e2">
      <link type="object" struct-name="db.mgmt.Connection" key="connection">C62B65B3-284C-443C-A6F2-CEFE140E3416</link>
      <value _ptr_="0x600001f3b5a0" type="dict" key="loginInfo"/>
      <value _ptr_="0x600001f3b420" type="dict" key="serverInfo">
        <value type="int" key="setupPending">0</value>
        <value type="string" key="sys.sudo"></value>
      </value>
      <value type="string" key="name">ConsignmentWiz</value>
    </value>
    <value type="object" struct-name="db.mgmt.ServerInstance" id="C715F4F5-8189-41F3-B202-799EEA12BC09" struct-checksum="0x367436e2">
      <link type="object" struct-name="db.mgmt.Connection" key="connection">231AE163-A4D9-48A4-977F-75B7822DC50A</link>
      <value _ptr_="0x600001f3b480" type="dict" key="loginInfo"/>
      <value _ptr_="0x600001f38c60" type="dict" key="serverInfo">
        <value type="int" key="setupPending">1</value>
      </value>
      <value type="string" key="name">Elevate Debate</value>
    </value>
  </value>
</data>
